{
  "test/integration/opaTests.qunit-dbg.js": 1704363750132,
  "test/integration/FirstJourney.js": 1704363750212,
  "test/integration/pages/RisksList.js": 1704363750168,
  "test/integration/opaTests.qunit.js": 1704363750132,
  "test/integration/pages/RisksObjectPage.js": 1704363750168,
  "test/testsuite.qunit.js": 1704363750100,
  "xs-app.json": 1704368787063,
  "manifest.json": 1704368787191,
  "Component.js": 1704363750024,
  "test/integration/pages/RisksObjectPage-dbg.js": 1704363750168,
  "test/integration/pages/RisksObjectPage.js.map": 1704368804355,
  "test/integration/pages/RisksList-dbg.js": 1704363750168,
  "test/integration/pages/RisksList.js.map": 1704368804355,
  "i18n/i18n.properties": 1704363851138,
  "test/integration/opaTests.qunit.js.map": 1704368804344,
  "test/integration/FirstJourney-dbg.js": 1704363750212,
  "test/integration/FirstJourney.js.map": 1704368804355,
  "test/testsuite.qunit-dbg.js": 1704363750100,
  "test/testsuite.qunit.js.map": 1704368804355,
  "Component-dbg.js": 1704363750024,
  "Component.js.map": 1704368804363,
  "Component-preload.js": 1704368804548,
  "Component-preload.js.map": 1704368804548,
  "test/integration/opaTests.qunit.html": 1704363750120,
  "test/testsuite.qunit.html": 1704363750096,
  "test/flpSandbox.html": 1704363750092,
  "localService/metadata.xml": 1704363750088,
  "index.html": 1704363750024
}