{
  "test/integration/opaTests.qunit.html": 1704363750120,
  "test/integration/opaTests.qunit.js": 1704363750132,
  "test/integration/pages/RisksList.js": 1704363750168,
  "test/integration/pages/RisksObjectPage.js": 1704363750168,
  "test/integration/FirstJourney.js": 1704363750212,
  "test/testsuite.qunit.js": 1704363750100,
  "xs-app.json": 1704548110305,
  "manifest.json": 1704548110313,
  "Component.js": 1704363750024,
  "test/integration/pages/RisksObjectPage-dbg.js": 1704363750168,
  "test/integration/pages/RisksObjectPage.js.map": 1704548128797,
  "test/integration/pages/RisksList-dbg.js": 1704363750168,
  "test/integration/pages/RisksList.js.map": 1704548128791,
  "test/integration/opaTests.qunit-dbg.js": 1704363750132,
  "test/integration/opaTests.qunit.js.map": 1704548128801,
  "test/integration/FirstJourney-dbg.js": 1704363750212,
  "test/integration/FirstJourney.js.map": 1704548128815,
  "test/testsuite.qunit-dbg.js": 1704363750100,
  "test/testsuite.qunit.js.map": 1704548128796,
  "Component-dbg.js": 1704363750024,
  "Component.js.map": 1704548128798,
  "Component-preload.js": 1704548128911,
  "Component-preload.js.map": 1704548128911,
  "i18n/i18n.properties": 1704363851138,
  "test/testsuite.qunit.html": 1704363750096,
  "test/flpSandbox.html": 1704363750092,
  "localService/metadata.xml": 1704363750088,
  "index.html": 1704363750024
}